{
    "providers": [
        {
            "type": "bitmap",
            "file": "ixr:ranks/owner.png",
            "ascent": 8,
            "height": 8,
            "chars": [""]
        },
        {
            "type": "bitmap",
            "file": "ixr:ranks/member.png",
            "ascent": 8,
            "height": 8,
            "chars": [""]
        },
        {
            "type": "bitmap",
            "file": "ixr:ranks/admin.png",
            "ascent": 8,
            "height": 8,
            "chars": [""]
        },
        {
            "type": "bitmap",
            "file": "ixr:ranks/mod.png",
            "ascent": 8,
            "height": 8,
            "chars": [""]
        },
        {
            "type": "bitmap",
            "file": "ixr:ranks/helper.png",
            "ascent": 8,
            "height": 8,
            "chars": [""]
        },
        {
            "type": "bitmap",
            "file": "ixr:icons/currency.png",
            "ascent": 8,
            "height": 8,
            "chars": [""]
        }
    ]
}